scenario,repetition,objective,food,equipped_tool,threat,nearby,candidates,forced,choice,model_calls,engine_predict_calls,shadow_http_calls,http,latency_ms,wall_latency_ms,errors,timeouts,invalid_choices,offline_projected_safety_violations,executionAuthority
explore,1,explore,20,,null,"{""food"": false, ""wood"": true, ""stone"": true, ""iron"": false, ""foodDistance"": null, ""woodDistance"": 2, ""stoneDistance"": 2, ""ironDistance"": null}",gather_materials,True,gather_materials,0,0,0,200,0,4.971355999998195,0,0,0,0,none
explore,2,explore,20,,null,"{""food"": false, ""wood"": true, ""stone"": true, ""iron"": false, ""foodDistance"": null, ""woodDistance"": 2, ""stoneDistance"": 2, ""ironDistance"": null}",gather_materials,True,gather_materials,0,0,0,200,0,3.8985760000032315,0,0,0,0,none
explore,3,explore,20,,null,"{""food"": false, ""wood"": true, ""stone"": true, ""iron"": false, ""foodDistance"": null, ""woodDistance"": 2, ""stoneDistance"": 2, ""ironDistance"": null}",gather_materials,True,gather_materials,0,0,0,200,0,3.334674999998242,0,0,0,0,none
mine_iron,1,mine_iron,20,stone_pickaxe,null,"{""food"": false, ""wood"": true, ""stone"": true, ""iron"": true, ""foodDistance"": null, ""woodDistance"": 2, ""stoneDistance"": 2, ""ironDistance"": 2}",gather_materials,True,gather_materials,0,0,0,200,0,2.9197729999978037,0,0,0,0,none
mine_iron,2,mine_iron,20,stone_pickaxe,null,"{""food"": false, ""wood"": true, ""stone"": true, ""iron"": true, ""foodDistance"": null, ""woodDistance"": 2, ""stoneDistance"": 2, ""ironDistance"": 2}",gather_materials,True,gather_materials,0,0,0,200,0,2.1107669999983045,0,0,0,0,none
mine_iron,3,mine_iron,20,stone_pickaxe,null,"{""food"": false, ""wood"": true, ""stone"": true, ""iron"": true, ""foodDistance"": null, ""woodDistance"": 2, ""stoneDistance"": 2, ""ironDistance"": 2}",gather_materials,True,gather_materials,0,0,0,200,0,2.0306859999982407,0,0,0,0,none
no_materials,1,explore,20,,null,"{""food"": false, ""wood"": false, ""stone"": false, ""iron"": false, ""foodDistance"": null, ""woodDistance"": null, ""stoneDistance"": null, ""ironDistance"": null}",continue_objective,True,continue_objective,0,0,0,200,0,2.579745000002731,0,0,0,0,none
no_materials,2,explore,20,,null,"{""food"": false, ""wood"": false, ""stone"": false, ""iron"": false, ""foodDistance"": null, ""woodDistance"": null, ""stoneDistance"": null, ""ironDistance"": null}",continue_objective,True,continue_objective,0,0,0,200,0,3.6164690000005066,0,0,0,0,none
threat,1,explore,20,,"{""type"": ""zombie"", ""distance"": 4, ""count"": 1}","{""food"": false, ""wood"": true, ""stone"": true, ""iron"": false, ""foodDistance"": null, ""woodDistance"": 2, ""stoneDistance"": 2, ""ironDistance"": null}",escape_danger,True,escape_danger,0,0,0,200,0,2.3796020000008866,0,0,0,0,none
threat,2,explore,20,,"{""type"": ""zombie"", ""distance"": 4, ""count"": 1}","{""food"": false, ""wood"": true, ""stone"": true, ""iron"": false, ""foodDistance"": null, ""woodDistance"": 2, ""stoneDistance"": 2, ""ironDistance"": null}",escape_danger,True,escape_danger,0,0,0,200,0,2.0965550000037183,0,0,0,0,none
critical_hunger,1,explore,5,,null,"{""food"": true, ""wood"": true, ""stone"": true, ""iron"": false, ""foodDistance"": 3, ""woodDistance"": 2, ""stoneDistance"": 2, ""ironDistance"": null}",find_food,True,find_food,0,0,0,200,0,2.114212000000407,0,0,0,0,none
critical_hunger,2,explore,5,,null,"{""food"": true, ""wood"": true, ""stone"": true, ""iron"": false, ""foodDistance"": 3, ""woodDistance"": 2, ""stoneDistance"": 2, ""ironDistance"": null}",find_food,True,find_food,0,0,0,200,0,2.16220500000054,0,0,0,0,none
