phase,objective,pair,label,state,received_order,normalized_order,normalized_sha256,probabilities,choice,confidence,latency_ms,wall_latency_ms,http,error,timeout
live,explore,1,A,"{""alternativeRoute"": false, ""atBase"": false, ""baseDistance"": 299.50041736197966, ""baseKnown"": true, ""cancellationRequested"": false, ""consecutiveFailures"": 0, ""craftable"": [], ""equippedTool"": null, ""equippedWeapon"": null, ""food"": 20, ""health"": 20, ""inventory"": {}, ""inventoryLoad"": 0, ""nearby"": {""food"": false, ""foodDistance"": null, ""iron"": false, ""ironDistance"": null, ""stone"": true, ""stoneDistance"": 2, ""wood"": true, ""woodDistance"": 2}, ""objective"": {""completed"": false, ""type"": ""explore""}, ""threat"": null, ""time"": ""day"", ""waitReason"": null}","gather_materials,continue_objective","continue_objective,gather_materials",019d4776bb5f7fe020c7d68ef3ed5d082be1280ff386a98aeb2299515988dbf2,"{""continue_objective"": 0.9981088143455084, ""gather_materials"": 0.0018911856544916233}",continue_objective,0.9981088143455084,160.98311899997952,165.0810500000007,200,,False
live,explore,1,B,"{""alternativeRoute"": false, ""atBase"": false, ""baseDistance"": 299.50041736197966, ""baseKnown"": true, ""cancellationRequested"": false, ""consecutiveFailures"": 0, ""craftable"": [], ""equippedTool"": null, ""equippedWeapon"": null, ""food"": 20, ""health"": 20, ""inventory"": {}, ""inventoryLoad"": 0, ""nearby"": {""food"": false, ""foodDistance"": null, ""iron"": false, ""ironDistance"": null, ""stone"": true, ""stoneDistance"": 2, ""wood"": true, ""woodDistance"": 2}, ""objective"": {""completed"": false, ""type"": ""explore""}, ""threat"": null, ""time"": ""day"", ""waitReason"": null}","continue_objective,gather_materials","continue_objective,gather_materials",019d4776bb5f7fe020c7d68ef3ed5d082be1280ff386a98aeb2299515988dbf2,"{""continue_objective"": 0.9981088143455084, ""gather_materials"": 0.0018911856544916233}",continue_objective,0.9981088143455084,155.0015539999663,163.05483200000162,200,,False
live,explore,2,A,"{""alternativeRoute"": false, ""atBase"": false, ""baseDistance"": 299.50041736197966, ""baseKnown"": true, ""cancellationRequested"": false, ""consecutiveFailures"": 0, ""craftable"": [], ""equippedTool"": null, ""equippedWeapon"": null, ""food"": 20, ""health"": 20, ""inventory"": {}, ""inventoryLoad"": 0, ""nearby"": {""food"": false, ""foodDistance"": null, ""iron"": false, ""ironDistance"": null, ""stone"": true, ""stoneDistance"": 5.656854249492381, ""wood"": true, ""woodDistance"": 5.656854249492381}, ""objective"": {""completed"": false, ""type"": ""explore""}, ""threat"": null, ""time"": ""day"", ""waitReason"": null}","gather_materials,continue_objective","continue_objective,gather_materials",414a2585bbe831d74575b3ebc828fd1287f757e98db9bfdaf00747720a91ea59,"{""continue_objective"": 0.9838550934921866, ""gather_materials"": 0.016144906507813497}",continue_objective,0.9838550934921866,220.1580560000025,227.3658269999978,200,,False
live,explore,2,B,"{""alternativeRoute"": false, ""atBase"": false, ""baseDistance"": 299.50041736197966, ""baseKnown"": true, ""cancellationRequested"": false, ""consecutiveFailures"": 0, ""craftable"": [], ""equippedTool"": null, ""equippedWeapon"": null, ""food"": 20, ""health"": 20, ""inventory"": {}, ""inventoryLoad"": 0, ""nearby"": {""food"": false, ""foodDistance"": null, ""iron"": false, ""ironDistance"": null, ""stone"": true, ""stoneDistance"": 5.656854249492381, ""wood"": true, ""woodDistance"": 5.656854249492381}, ""objective"": {""completed"": false, ""type"": ""explore""}, ""threat"": null, ""time"": ""day"", ""waitReason"": null}","continue_objective,gather_materials","continue_objective,gather_materials",414a2585bbe831d74575b3ebc828fd1287f757e98db9bfdaf00747720a91ea59,"{""continue_objective"": 0.9838550934921866, ""gather_materials"": 0.016144906507813497}",continue_objective,0.9838550934921866,199.7923959999639,202.5768649999991,200,,False
live,explore,3,A,"{""alternativeRoute"": false, ""atBase"": false, ""baseDistance"": 299.50041736197966, ""baseKnown"": true, ""cancellationRequested"": false, ""consecutiveFailures"": 0, ""craftable"": [], ""equippedTool"": null, ""equippedWeapon"": null, ""food"": 20, ""health"": 20, ""inventory"": {}, ""inventoryLoad"": 0, ""nearby"": {""food"": false, ""foodDistance"": null, ""iron"": false, ""ironDistance"": null, ""stone"": false, ""stoneDistance"": null, ""wood"": true, ""woodDistance"": 2}, ""objective"": {""completed"": false, ""type"": ""explore""}, ""threat"": null, ""time"": ""day"", ""waitReason"": null}","gather_materials,continue_objective","continue_objective,gather_materials",8e9bc231ca7e3f145ec60190b6ec88a6ae1990a774f802cf4208b9488ed2069f,"{""continue_objective"": 0.9972516354544813, ""gather_materials"": 0.0027483645455186343}",continue_objective,0.9972516354544813,224.33261799994852,227.10500799999863,200,,False
live,explore,3,B,"{""alternativeRoute"": false, ""atBase"": false, ""baseDistance"": 299.50041736197966, ""baseKnown"": true, ""cancellationRequested"": false, ""consecutiveFailures"": 0, ""craftable"": [], ""equippedTool"": null, ""equippedWeapon"": null, ""food"": 20, ""health"": 20, ""inventory"": {}, ""inventoryLoad"": 0, ""nearby"": {""food"": false, ""foodDistance"": null, ""iron"": false, ""ironDistance"": null, ""stone"": false, ""stoneDistance"": null, ""wood"": true, ""woodDistance"": 2}, ""objective"": {""completed"": false, ""type"": ""explore""}, ""threat"": null, ""time"": ""day"", ""waitReason"": null}","continue_objective,gather_materials","continue_objective,gather_materials",8e9bc231ca7e3f145ec60190b6ec88a6ae1990a774f802cf4208b9488ed2069f,"{""continue_objective"": 0.9972516354544813, ""gather_materials"": 0.0027483645455186343}",continue_objective,0.9972516354544813,222.59861200001296,225.13476000000082,200,,False
live,explore,4,A,"{""alternativeRoute"": false, ""atBase"": false, ""baseDistance"": 299.50041736197966, ""baseKnown"": true, ""cancellationRequested"": false, ""consecutiveFailures"": 0, ""craftable"": [], ""equippedTool"": null, ""equippedWeapon"": null, ""food"": 20, ""health"": 20, ""inventory"": {}, ""inventoryLoad"": 0, ""nearby"": {""food"": false, ""foodDistance"": null, ""iron"": true, ""ironDistance"": 2, ""stone"": true, ""stoneDistance"": 2, ""wood"": false, ""woodDistance"": null}, ""objective"": {""completed"": false, ""type"": ""explore""}, ""threat"": null, ""time"": ""day"", ""waitReason"": null}","gather_materials,continue_objective","continue_objective,gather_materials",d820429cdf050446fcadecb3549afd177b066a35fee8a54dee32c54a5db68866,"{""continue_objective"": 0.9659691925618931, ""gather_materials"": 0.03403080743810703}",continue_objective,0.9659691925618931,229.89070299996683,232.90659600000072,200,,False
live,explore,4,B,"{""alternativeRoute"": false, ""atBase"": false, ""baseDistance"": 299.50041736197966, ""baseKnown"": true, ""cancellationRequested"": false, ""consecutiveFailures"": 0, ""craftable"": [], ""equippedTool"": null, ""equippedWeapon"": null, ""food"": 20, ""health"": 20, ""inventory"": {}, ""inventoryLoad"": 0, ""nearby"": {""food"": false, ""foodDistance"": null, ""iron"": true, ""ironDistance"": 2, ""stone"": true, ""stoneDistance"": 2, ""wood"": false, ""woodDistance"": null}, ""objective"": {""completed"": false, ""type"": ""explore""}, ""threat"": null, ""time"": ""day"", ""waitReason"": null}","continue_objective,gather_materials","continue_objective,gather_materials",d820429cdf050446fcadecb3549afd177b066a35fee8a54dee32c54a5db68866,"{""continue_objective"": 0.9659691925618931, ""gather_materials"": 0.03403080743810703}",continue_objective,0.9659691925618931,175.85470800003122,178.5871130000014,200,,False
live,explore,5,A,"{""alternativeRoute"": false, ""atBase"": false, ""baseDistance"": 299.50041736197966, ""baseKnown"": true, ""cancellationRequested"": false, ""consecutiveFailures"": 0, ""craftable"": [], ""equippedTool"": null, ""equippedWeapon"": null, ""food"": 20, ""health"": 20, ""inventory"": {}, ""inventoryLoad"": 0, ""nearby"": {""food"": false, ""foodDistance"": null, ""iron"": true, ""ironDistance"": 4, ""stone"": true, ""stoneDistance"": 4, ""wood"": true, ""woodDistance"": 4}, ""objective"": {""completed"": false, ""type"": ""explore""}, ""threat"": null, ""time"": ""day"", ""waitReason"": null}","gather_materials,continue_objective","continue_objective,gather_materials",b22ced6a29b66a28ddaaba58097f90a5f3862026300cd7ca8d97693837a7c7ac,"{""continue_objective"": 0.9903765818818491, ""gather_materials"": 0.009623418118150897}",continue_objective,0.9903765818818491,193.08775299998615,196.24943699999858,200,,False
live,explore,5,B,"{""alternativeRoute"": false, ""atBase"": false, ""baseDistance"": 299.50041736197966, ""baseKnown"": true, ""cancellationRequested"": false, ""consecutiveFailures"": 0, ""craftable"": [], ""equippedTool"": null, ""equippedWeapon"": null, ""food"": 20, ""health"": 20, ""inventory"": {}, ""inventoryLoad"": 0, ""nearby"": {""food"": false, ""foodDistance"": null, ""iron"": true, ""ironDistance"": 4, ""stone"": true, ""stoneDistance"": 4, ""wood"": true, ""woodDistance"": 4}, ""objective"": {""completed"": false, ""type"": ""explore""}, ""threat"": null, ""time"": ""day"", ""waitReason"": null}","continue_objective,gather_materials","continue_objective,gather_materials",b22ced6a29b66a28ddaaba58097f90a5f3862026300cd7ca8d97693837a7c7ac,"{""continue_objective"": 0.9903765818818491, ""gather_materials"": 0.009623418118150897}",continue_objective,0.9903765818818491,201.72273899999027,204.06157499999972,200,,False
live,mine_iron,1,A,"{""alternativeRoute"": false, ""atBase"": false, ""baseDistance"": 299.50041736197966, ""baseKnown"": true, ""cancellationRequested"": false, ""consecutiveFailures"": 0, ""craftable"": [], ""equippedTool"": ""stone_pickaxe"", ""equippedWeapon"": null, ""food"": 20, ""health"": 20, ""inventory"": {""stone_pickaxe"": 1}, ""inventoryLoad"": 0.027777777777777776, ""nearby"": {""food"": false, ""foodDistance"": null, ""iron"": false, ""ironDistance"": null, ""stone"": true, ""stoneDistance"": 2, ""wood"": true, ""woodDistance"": 2}, ""objective"": {""completed"": false, ""type"": ""mine_iron""}, ""threat"": null, ""time"": ""day"", ""waitReason"": null}","gather_materials,continue_objective","continue_objective,gather_materials",afb82b67de614f0bc5d96929a6600eed255c4ccd80df6be2080261006c1095cd,"{""continue_objective"": 0.8871328531537032, ""gather_materials"": 0.1128671468462968}",continue_objective,0.8871328531537032,242.76686100000688,248.56027800000084,200,,False
live,mine_iron,1,B,"{""alternativeRoute"": false, ""atBase"": false, ""baseDistance"": 299.50041736197966, ""baseKnown"": true, ""cancellationRequested"": false, ""consecutiveFailures"": 0, ""craftable"": [], ""equippedTool"": ""stone_pickaxe"", ""equippedWeapon"": null, ""food"": 20, ""health"": 20, ""inventory"": {""stone_pickaxe"": 1}, ""inventoryLoad"": 0.027777777777777776, ""nearby"": {""food"": false, ""foodDistance"": null, ""iron"": false, ""ironDistance"": null, ""stone"": true, ""stoneDistance"": 2, ""wood"": true, ""woodDistance"": 2}, ""objective"": {""completed"": false, ""type"": ""mine_iron""}, ""threat"": null, ""time"": ""day"", ""waitReason"": null}","continue_objective,gather_materials","continue_objective,gather_materials",afb82b67de614f0bc5d96929a6600eed255c4ccd80df6be2080261006c1095cd,"{""continue_objective"": 0.8871328531537032, ""gather_materials"": 0.1128671468462968}",continue_objective,0.8871328531537032,201.59222299997737,204.08248699999967,200,,False
live,mine_iron,2,A,"{""alternativeRoute"": false, ""atBase"": false, ""baseDistance"": 299.50041736197966, ""baseKnown"": true, ""cancellationRequested"": false, ""consecutiveFailures"": 0, ""craftable"": [], ""equippedTool"": ""stone_pickaxe"", ""equippedWeapon"": null, ""food"": 20, ""health"": 20, ""inventory"": {""stone_pickaxe"": 1}, ""inventoryLoad"": 0.027777777777777776, ""nearby"": {""food"": false, ""foodDistance"": null, ""iron"": false, ""ironDistance"": null, ""stone"": true, ""stoneDistance"": 5.656854249492381, ""wood"": true, ""woodDistance"": 5.656854249492381}, ""objective"": {""completed"": false, ""type"": ""mine_iron""}, ""threat"": null, ""time"": ""day"", ""waitReason"": null}","gather_materials,continue_objective","continue_objective,gather_materials",83495fe9a0f073f6f7daeae2b6c11ad1695a8056ea59b7b0dc4d5990dee25edc,"{""continue_objective"": 0.9689633791379133, ""gather_materials"": 0.031036620862086774}",continue_objective,0.9689633791379133,226.53021399997897,229.44244600000093,200,,False
live,mine_iron,2,B,"{""alternativeRoute"": false, ""atBase"": false, ""baseDistance"": 299.50041736197966, ""baseKnown"": true, ""cancellationRequested"": false, ""consecutiveFailures"": 0, ""craftable"": [], ""equippedTool"": ""stone_pickaxe"", ""equippedWeapon"": null, ""food"": 20, ""health"": 20, ""inventory"": {""stone_pickaxe"": 1}, ""inventoryLoad"": 0.027777777777777776, ""nearby"": {""food"": false, ""foodDistance"": null, ""iron"": false, ""ironDistance"": null, ""stone"": true, ""stoneDistance"": 5.656854249492381, ""wood"": true, ""woodDistance"": 5.656854249492381}, ""objective"": {""completed"": false, ""type"": ""mine_iron""}, ""threat"": null, ""time"": ""day"", ""waitReason"": null}","continue_objective,gather_materials","continue_objective,gather_materials",83495fe9a0f073f6f7daeae2b6c11ad1695a8056ea59b7b0dc4d5990dee25edc,"{""continue_objective"": 0.9689633791379133, ""gather_materials"": 0.031036620862086774}",continue_objective,0.9689633791379133,244.3479319999824,246.57900099999824,200,,False
live,mine_iron,3,A,"{""alternativeRoute"": false, ""atBase"": false, ""baseDistance"": 299.50041736197966, ""baseKnown"": true, ""cancellationRequested"": false, ""consecutiveFailures"": 0, ""craftable"": [], ""equippedTool"": ""stone_pickaxe"", ""equippedWeapon"": null, ""food"": 20, ""health"": 20, ""inventory"": {""stone_pickaxe"": 1}, ""inventoryLoad"": 0.027777777777777776, ""nearby"": {""food"": false, ""foodDistance"": null, ""iron"": false, ""ironDistance"": null, ""stone"": false, ""stoneDistance"": null, ""wood"": true, ""woodDistance"": 2}, ""objective"": {""completed"": false, ""type"": ""mine_iron""}, ""threat"": null, ""time"": ""day"", ""waitReason"": null}","gather_materials,continue_objective","continue_objective,gather_materials",cdc431dfec646f6d2f05a5478e441e817fab28ed07d9cad068f0409e1d2669c2,"{""continue_objective"": 0.693856292606721, ""gather_materials"": 0.3061437073932791}",continue_objective,0.693856292606721,164.02823699996816,166.4264769999936,200,,False
live,mine_iron,3,B,"{""alternativeRoute"": false, ""atBase"": false, ""baseDistance"": 299.50041736197966, ""baseKnown"": true, ""cancellationRequested"": false, ""consecutiveFailures"": 0, ""craftable"": [], ""equippedTool"": ""stone_pickaxe"", ""equippedWeapon"": null, ""food"": 20, ""health"": 20, ""inventory"": {""stone_pickaxe"": 1}, ""inventoryLoad"": 0.027777777777777776, ""nearby"": {""food"": false, ""foodDistance"": null, ""iron"": false, ""ironDistance"": null, ""stone"": false, ""stoneDistance"": null, ""wood"": true, ""woodDistance"": 2}, ""objective"": {""completed"": false, ""type"": ""mine_iron""}, ""threat"": null, ""time"": ""day"", ""waitReason"": null}","continue_objective,gather_materials","continue_objective,gather_materials",cdc431dfec646f6d2f05a5478e441e817fab28ed07d9cad068f0409e1d2669c2,"{""continue_objective"": 0.693856292606721, ""gather_materials"": 0.3061437073932791}",continue_objective,0.693856292606721,159.31041999999707,161.59247999999934,200,,False
live,mine_iron,4,A,"{""alternativeRoute"": false, ""atBase"": false, ""baseDistance"": 299.50041736197966, ""baseKnown"": true, ""cancellationRequested"": false, ""consecutiveFailures"": 0, ""craftable"": [], ""equippedTool"": ""stone_pickaxe"", ""equippedWeapon"": null, ""food"": 20, ""health"": 20, ""inventory"": {""stone_pickaxe"": 1}, ""inventoryLoad"": 0.027777777777777776, ""nearby"": {""food"": false, ""foodDistance"": null, ""iron"": true, ""ironDistance"": 2, ""stone"": true, ""stoneDistance"": 2, ""wood"": false, ""woodDistance"": null}, ""objective"": {""completed"": false, ""type"": ""mine_iron""}, ""threat"": null, ""time"": ""day"", ""waitReason"": null}","gather_materials,continue_objective","continue_objective,gather_materials",961834281ed50120c4b094f30f944ce27b511c8e977fe1f154e114bf43ca5c75,"{""continue_objective"": 0.31188501034009397, ""gather_materials"": 0.688114989659906}",gather_materials,0.688114989659906,192.9061629999751,195.22616099999868,200,,False
live,mine_iron,4,B,"{""alternativeRoute"": false, ""atBase"": false, ""baseDistance"": 299.50041736197966, ""baseKnown"": true, ""cancellationRequested"": false, ""consecutiveFailures"": 0, ""craftable"": [], ""equippedTool"": ""stone_pickaxe"", ""equippedWeapon"": null, ""food"": 20, ""health"": 20, ""inventory"": {""stone_pickaxe"": 1}, ""inventoryLoad"": 0.027777777777777776, ""nearby"": {""food"": false, ""foodDistance"": null, ""iron"": true, ""ironDistance"": 2, ""stone"": true, ""stoneDistance"": 2, ""wood"": false, ""woodDistance"": null}, ""objective"": {""completed"": false, ""type"": ""mine_iron""}, ""threat"": null, ""time"": ""day"", ""waitReason"": null}","continue_objective,gather_materials","continue_objective,gather_materials",961834281ed50120c4b094f30f944ce27b511c8e977fe1f154e114bf43ca5c75,"{""continue_objective"": 0.31188501034009397, ""gather_materials"": 0.688114989659906}",gather_materials,0.688114989659906,213.9941990000125,216.42434800000046,200,,False
live,mine_iron,5,A,"{""alternativeRoute"": false, ""atBase"": false, ""baseDistance"": 299.50041736197966, ""baseKnown"": true, ""cancellationRequested"": false, ""consecutiveFailures"": 0, ""craftable"": [], ""equippedTool"": ""stone_pickaxe"", ""equippedWeapon"": null, ""food"": 20, ""health"": 20, ""inventory"": {""stone_pickaxe"": 1}, ""inventoryLoad"": 0.027777777777777776, ""nearby"": {""food"": false, ""foodDistance"": null, ""iron"": true, ""ironDistance"": 4, ""stone"": true, ""stoneDistance"": 4, ""wood"": true, ""woodDistance"": 4}, ""objective"": {""completed"": false, ""type"": ""mine_iron""}, ""threat"": null, ""time"": ""day"", ""waitReason"": null}","gather_materials,continue_objective","continue_objective,gather_materials",8f9d7cf230f35d3777e9e94bcc661a8f66bcb233b94772915f1b9739647e2b1c,"{""continue_objective"": 0.9118820243214505, ""gather_materials"": 0.08811797567854959}",continue_objective,0.9118820243214505,221.81624399996736,224.23206599999685,200,,False
live,mine_iron,5,B,"{""alternativeRoute"": false, ""atBase"": false, ""baseDistance"": 299.50041736197966, ""baseKnown"": true, ""cancellationRequested"": false, ""consecutiveFailures"": 0, ""craftable"": [], ""equippedTool"": ""stone_pickaxe"", ""equippedWeapon"": null, ""food"": 20, ""health"": 20, ""inventory"": {""stone_pickaxe"": 1}, ""inventoryLoad"": 0.027777777777777776, ""nearby"": {""food"": false, ""foodDistance"": null, ""iron"": true, ""ironDistance"": 4, ""stone"": true, ""stoneDistance"": 4, ""wood"": true, ""woodDistance"": 4}, ""objective"": {""completed"": false, ""type"": ""mine_iron""}, ""threat"": null, ""time"": ""day"", ""waitReason"": null}","continue_objective,gather_materials","continue_objective,gather_materials",8f9d7cf230f35d3777e9e94bcc661a8f66bcb233b94772915f1b9739647e2b1c,"{""continue_objective"": 0.9118820243214505, ""gather_materials"": 0.08811797567854959}",continue_objective,0.9118820243214505,207.9569099999503,210.40607199999795,200,,False
offline,explore,1,A,"{""alternativeRoute"": false, ""atBase"": false, ""baseDistance"": 299.50041736197966, ""baseKnown"": true, ""cancellationRequested"": false, ""consecutiveFailures"": 0, ""craftable"": [], ""equippedTool"": null, ""equippedWeapon"": null, ""food"": 20, ""health"": 20, ""inventory"": {}, ""inventoryLoad"": 0, ""nearby"": {""food"": false, ""foodDistance"": null, ""iron"": false, ""ironDistance"": null, ""stone"": false, ""stoneDistance"": null, ""wood"": true, ""woodDistance"": 2}, ""objective"": {""completed"": false, ""type"": ""explore""}, ""threat"": null, ""time"": ""day"", ""waitReason"": null}","gather_materials,continue_objective","continue_objective,gather_materials",8e9bc231ca7e3f145ec60190b6ec88a6ae1990a774f802cf4208b9488ed2069f,"{""continue_objective"": 0.9972516354544813, ""gather_materials"": 0.0027483645455186343}",continue_objective,0.9972516354544813,186.50030499998138,189.46353899999667,200,,False
offline,explore,1,B,"{""alternativeRoute"": false, ""atBase"": false, ""baseDistance"": 299.50041736197966, ""baseKnown"": true, ""cancellationRequested"": false, ""consecutiveFailures"": 0, ""craftable"": [], ""equippedTool"": null, ""equippedWeapon"": null, ""food"": 20, ""health"": 20, ""inventory"": {}, ""inventoryLoad"": 0, ""nearby"": {""food"": false, ""foodDistance"": null, ""iron"": false, ""ironDistance"": null, ""stone"": false, ""stoneDistance"": null, ""wood"": true, ""woodDistance"": 2}, ""objective"": {""completed"": false, ""type"": ""explore""}, ""threat"": null, ""time"": ""day"", ""waitReason"": null}","continue_objective,gather_materials","continue_objective,gather_materials",8e9bc231ca7e3f145ec60190b6ec88a6ae1990a774f802cf4208b9488ed2069f,"{""continue_objective"": 0.9972516354544813, ""gather_materials"": 0.0027483645455186343}",continue_objective,0.9972516354544813,197.51129999997374,199.67015900000115,200,,False
offline,explore,2,A,"{""alternativeRoute"": false, ""atBase"": false, ""baseDistance"": 299.50041736197966, ""baseKnown"": true, ""cancellationRequested"": false, ""consecutiveFailures"": 0, ""craftable"": [], ""equippedTool"": null, ""equippedWeapon"": null, ""food"": 20, ""health"": 20, ""inventory"": {}, ""inventoryLoad"": 0, ""nearby"": {""food"": false, ""foodDistance"": null, ""iron"": false, ""ironDistance"": null, ""stone"": false, ""stoneDistance"": null, ""wood"": true, ""woodDistance"": 6}, ""objective"": {""completed"": false, ""type"": ""explore""}, ""threat"": null, ""time"": ""day"", ""waitReason"": null}","gather_materials,continue_objective","continue_objective,gather_materials",91cf526cf0690751ad45f6b715c5ea6282a074532fb6acc00c31460c8dd00954,"{""continue_objective"": 0.9953774069589112, ""gather_materials"": 0.004622593041088913}",continue_objective,0.9953774069589112,194.53769500000817,196.9153839999999,200,,False
offline,explore,2,B,"{""alternativeRoute"": false, ""atBase"": false, ""baseDistance"": 299.50041736197966, ""baseKnown"": true, ""cancellationRequested"": false, ""consecutiveFailures"": 0, ""craftable"": [], ""equippedTool"": null, ""equippedWeapon"": null, ""food"": 20, ""health"": 20, ""inventory"": {}, ""inventoryLoad"": 0, ""nearby"": {""food"": false, ""foodDistance"": null, ""iron"": false, ""ironDistance"": null, ""stone"": false, ""stoneDistance"": null, ""wood"": true, ""woodDistance"": 6}, ""objective"": {""completed"": false, ""type"": ""explore""}, ""threat"": null, ""time"": ""day"", ""waitReason"": null}","continue_objective,gather_materials","continue_objective,gather_materials",91cf526cf0690751ad45f6b715c5ea6282a074532fb6acc00c31460c8dd00954,"{""continue_objective"": 0.9953774069589112, ""gather_materials"": 0.004622593041088913}",continue_objective,0.9953774069589112,248.84384399996407,251.00117700000555,200,,False
offline,explore,3,A,"{""alternativeRoute"": false, ""atBase"": false, ""baseDistance"": 299.50041736197966, ""baseKnown"": true, ""cancellationRequested"": false, ""consecutiveFailures"": 0, ""craftable"": [], ""equippedTool"": null, ""equippedWeapon"": null, ""food"": 20, ""health"": 20, ""inventory"": {}, ""inventoryLoad"": 0, ""nearby"": {""food"": false, ""foodDistance"": null, ""iron"": false, ""ironDistance"": null, ""stone"": true, ""stoneDistance"": 2, ""wood"": true, ""woodDistance"": 2}, ""objective"": {""completed"": false, ""type"": ""explore""}, ""threat"": null, ""time"": ""day"", ""waitReason"": null}","gather_materials,continue_objective","continue_objective,gather_materials",019d4776bb5f7fe020c7d68ef3ed5d082be1280ff386a98aeb2299515988dbf2,"{""continue_objective"": 0.9981088143455084, ""gather_materials"": 0.0018911856544916233}",continue_objective,0.9981088143455084,177.52467899998692,180.49929500000144,200,,False
offline,explore,3,B,"{""alternativeRoute"": false, ""atBase"": false, ""baseDistance"": 299.50041736197966, ""baseKnown"": true, ""cancellationRequested"": false, ""consecutiveFailures"": 0, ""craftable"": [], ""equippedTool"": null, ""equippedWeapon"": null, ""food"": 20, ""health"": 20, ""inventory"": {}, ""inventoryLoad"": 0, ""nearby"": {""food"": false, ""foodDistance"": null, ""iron"": false, ""ironDistance"": null, ""stone"": true, ""stoneDistance"": 2, ""wood"": true, ""woodDistance"": 2}, ""objective"": {""completed"": false, ""type"": ""explore""}, ""threat"": null, ""time"": ""day"", ""waitReason"": null}","continue_objective,gather_materials","continue_objective,gather_materials",019d4776bb5f7fe020c7d68ef3ed5d082be1280ff386a98aeb2299515988dbf2,"{""continue_objective"": 0.9981088143455084, ""gather_materials"": 0.0018911856544916233}",continue_objective,0.9981088143455084,198.37694000000283,200.89852300000348,200,,False
offline,explore,4,A,"{""alternativeRoute"": false, ""atBase"": false, ""baseDistance"": 299.50041736197966, ""baseKnown"": true, ""cancellationRequested"": false, ""consecutiveFailures"": 0, ""craftable"": [], ""equippedTool"": null, ""equippedWeapon"": null, ""food"": 20, ""health"": 20, ""inventory"": {}, ""inventoryLoad"": 0, ""nearby"": {""food"": false, ""foodDistance"": null, ""iron"": false, ""ironDistance"": null, ""stone"": true, ""stoneDistance"": 6, ""wood"": true, ""woodDistance"": 6}, ""objective"": {""completed"": false, ""type"": ""explore""}, ""threat"": null, ""time"": ""day"", ""waitReason"": null}","gather_materials,continue_objective","continue_objective,gather_materials",868a9c17769469511be4256da13124df5826126d1b97be2f995a75a14af21f9e,"{""continue_objective"": 0.9981940171972443, ""gather_materials"": 0.0018059828027556315}",continue_objective,0.9981940171972443,178.25454100000115,180.69109000000026,200,,False
offline,explore,4,B,"{""alternativeRoute"": false, ""atBase"": false, ""baseDistance"": 299.50041736197966, ""baseKnown"": true, ""cancellationRequested"": false, ""consecutiveFailures"": 0, ""craftable"": [], ""equippedTool"": null, ""equippedWeapon"": null, ""food"": 20, ""health"": 20, ""inventory"": {}, ""inventoryLoad"": 0, ""nearby"": {""food"": false, ""foodDistance"": null, ""iron"": false, ""ironDistance"": null, ""stone"": true, ""stoneDistance"": 6, ""wood"": true, ""woodDistance"": 6}, ""objective"": {""completed"": false, ""type"": ""explore""}, ""threat"": null, ""time"": ""day"", ""waitReason"": null}","continue_objective,gather_materials","continue_objective,gather_materials",868a9c17769469511be4256da13124df5826126d1b97be2f995a75a14af21f9e,"{""continue_objective"": 0.9981940171972443, ""gather_materials"": 0.0018059828027556315}",continue_objective,0.9981940171972443,182.81854700001077,185.09380200000305,200,,False
offline,explore,5,A,"{""alternativeRoute"": false, ""atBase"": false, ""baseDistance"": 299.50041736197966, ""baseKnown"": true, ""cancellationRequested"": false, ""consecutiveFailures"": 0, ""craftable"": [], ""equippedTool"": null, ""equippedWeapon"": null, ""food"": 20, ""health"": 20, ""inventory"": {}, ""inventoryLoad"": 0, ""nearby"": {""food"": false, ""foodDistance"": null, ""iron"": true, ""ironDistance"": 2, ""stone"": true, ""stoneDistance"": 2, ""wood"": true, ""woodDistance"": 2}, ""objective"": {""completed"": false, ""type"": ""explore""}, ""threat"": null, ""time"": ""day"", ""waitReason"": null}","gather_materials,continue_objective","continue_objective,gather_materials",37df41dda02fc44e55732e70539bbe70f50fb5727ee2b52d6e42d057118297d7,"{""continue_objective"": 0.9933560552362285, ""gather_materials"": 0.006643944763771561}",continue_objective,0.9933560552362285,186.87147100001766,189.09732599999552,200,,False
offline,explore,5,B,"{""alternativeRoute"": false, ""atBase"": false, ""baseDistance"": 299.50041736197966, ""baseKnown"": true, ""cancellationRequested"": false, ""consecutiveFailures"": 0, ""craftable"": [], ""equippedTool"": null, ""equippedWeapon"": null, ""food"": 20, ""health"": 20, ""inventory"": {}, ""inventoryLoad"": 0, ""nearby"": {""food"": false, ""foodDistance"": null, ""iron"": true, ""ironDistance"": 2, ""stone"": true, ""stoneDistance"": 2, ""wood"": true, ""woodDistance"": 2}, ""objective"": {""completed"": false, ""type"": ""explore""}, ""threat"": null, ""time"": ""day"", ""waitReason"": null}","continue_objective,gather_materials","continue_objective,gather_materials",37df41dda02fc44e55732e70539bbe70f50fb5727ee2b52d6e42d057118297d7,"{""continue_objective"": 0.9933560552362285, ""gather_materials"": 0.006643944763771561}",continue_objective,0.9933560552362285,217.0048450000195,219.54518000000098,200,,False
offline,explore,6,A,"{""alternativeRoute"": false, ""atBase"": false, ""baseDistance"": 299.50041736197966, ""baseKnown"": true, ""cancellationRequested"": false, ""consecutiveFailures"": 0, ""craftable"": [], ""equippedTool"": null, ""equippedWeapon"": null, ""food"": 20, ""health"": 20, ""inventory"": {}, ""inventoryLoad"": 0, ""nearby"": {""food"": false, ""foodDistance"": null, ""iron"": true, ""ironDistance"": 6, ""stone"": true, ""stoneDistance"": 6, ""wood"": true, ""woodDistance"": 6}, ""objective"": {""completed"": false, ""type"": ""explore""}, ""threat"": null, ""time"": ""day"", ""waitReason"": null}","gather_materials,continue_objective","continue_objective,gather_materials",6539575efbfba852aee6729c41cb1ac28c96ff12064fb403421364966aa58ea3,"{""continue_objective"": 0.9932166901264736, ""gather_materials"": 0.006783309873526448}",continue_objective,0.9932166901264736,188.53276199996571,190.99736200000189,200,,False
offline,explore,6,B,"{""alternativeRoute"": false, ""atBase"": false, ""baseDistance"": 299.50041736197966, ""baseKnown"": true, ""cancellationRequested"": false, ""consecutiveFailures"": 0, ""craftable"": [], ""equippedTool"": null, ""equippedWeapon"": null, ""food"": 20, ""health"": 20, ""inventory"": {}, ""inventoryLoad"": 0, ""nearby"": {""food"": false, ""foodDistance"": null, ""iron"": true, ""ironDistance"": 6, ""stone"": true, ""stoneDistance"": 6, ""wood"": true, ""woodDistance"": 6}, ""objective"": {""completed"": false, ""type"": ""explore""}, ""threat"": null, ""time"": ""day"", ""waitReason"": null}","continue_objective,gather_materials","continue_objective,gather_materials",6539575efbfba852aee6729c41cb1ac28c96ff12064fb403421364966aa58ea3,"{""continue_objective"": 0.9932166901264736, ""gather_materials"": 0.006783309873526448}",continue_objective,0.9932166901264736,178.64526099998557,180.93468700000085,200,,False
offline,mine_iron,1,A,"{""alternativeRoute"": false, ""atBase"": false, ""baseDistance"": 299.50041736197966, ""baseKnown"": true, ""cancellationRequested"": false, ""consecutiveFailures"": 0, ""craftable"": [], ""equippedTool"": ""stone_pickaxe"", ""equippedWeapon"": null, ""food"": 20, ""health"": 20, ""inventory"": {""stone_pickaxe"": 1}, ""inventoryLoad"": 0.027777777777777776, ""nearby"": {""food"": false, ""foodDistance"": null, ""iron"": false, ""ironDistance"": null, ""stone"": false, ""stoneDistance"": null, ""wood"": true, ""woodDistance"": 2}, ""objective"": {""completed"": false, ""type"": ""mine_iron""}, ""threat"": null, ""time"": ""day"", ""waitReason"": null}","gather_materials,continue_objective","continue_objective,gather_materials",cdc431dfec646f6d2f05a5478e441e817fab28ed07d9cad068f0409e1d2669c2,"{""continue_objective"": 0.693856292606721, ""gather_materials"": 0.3061437073932791}",continue_objective,0.693856292606721,200.76196000002255,203.2433349999992,200,,False
offline,mine_iron,1,B,"{""alternativeRoute"": false, ""atBase"": false, ""baseDistance"": 299.50041736197966, ""baseKnown"": true, ""cancellationRequested"": false, ""consecutiveFailures"": 0, ""craftable"": [], ""equippedTool"": ""stone_pickaxe"", ""equippedWeapon"": null, ""food"": 20, ""health"": 20, ""inventory"": {""stone_pickaxe"": 1}, ""inventoryLoad"": 0.027777777777777776, ""nearby"": {""food"": false, ""foodDistance"": null, ""iron"": false, ""ironDistance"": null, ""stone"": false, ""stoneDistance"": null, ""wood"": true, ""woodDistance"": 2}, ""objective"": {""completed"": false, ""type"": ""mine_iron""}, ""threat"": null, ""time"": ""day"", ""waitReason"": null}","continue_objective,gather_materials","continue_objective,gather_materials",cdc431dfec646f6d2f05a5478e441e817fab28ed07d9cad068f0409e1d2669c2,"{""continue_objective"": 0.693856292606721, ""gather_materials"": 0.3061437073932791}",continue_objective,0.693856292606721,225.99080599997023,228.23931100000482,200,,False
offline,mine_iron,2,A,"{""alternativeRoute"": false, ""atBase"": false, ""baseDistance"": 299.50041736197966, ""baseKnown"": true, ""cancellationRequested"": false, ""consecutiveFailures"": 0, ""craftable"": [], ""equippedTool"": ""stone_pickaxe"", ""equippedWeapon"": null, ""food"": 20, ""health"": 20, ""inventory"": {""stone_pickaxe"": 1}, ""inventoryLoad"": 0.027777777777777776, ""nearby"": {""food"": false, ""foodDistance"": null, ""iron"": false, ""ironDistance"": null, ""stone"": false, ""stoneDistance"": null, ""wood"": true, ""woodDistance"": 6}, ""objective"": {""completed"": false, ""type"": ""mine_iron""}, ""threat"": null, ""time"": ""day"", ""waitReason"": null}","gather_materials,continue_objective","continue_objective,gather_materials",6af05c3181303c8990bd61eb7b59bea9332a80cb5371e6f28c2e05eac8066b96,"{""continue_objective"": 0.8710278423107609, ""gather_materials"": 0.1289721576892391}",continue_objective,0.8710278423107609,193.26697500002865,195.56943599999795,200,,False
offline,mine_iron,2,B,"{""alternativeRoute"": false, ""atBase"": false, ""baseDistance"": 299.50041736197966, ""baseKnown"": true, ""cancellationRequested"": false, ""consecutiveFailures"": 0, ""craftable"": [], ""equippedTool"": ""stone_pickaxe"", ""equippedWeapon"": null, ""food"": 20, ""health"": 20, ""inventory"": {""stone_pickaxe"": 1}, ""inventoryLoad"": 0.027777777777777776, ""nearby"": {""food"": false, ""foodDistance"": null, ""iron"": false, ""ironDistance"": null, ""stone"": false, ""stoneDistance"": null, ""wood"": true, ""woodDistance"": 6}, ""objective"": {""completed"": false, ""type"": ""mine_iron""}, ""threat"": null, ""time"": ""day"", ""waitReason"": null}","continue_objective,gather_materials","continue_objective,gather_materials",6af05c3181303c8990bd61eb7b59bea9332a80cb5371e6f28c2e05eac8066b96,"{""continue_objective"": 0.8710278423107609, ""gather_materials"": 0.1289721576892391}",continue_objective,0.8710278423107609,202.40047400000094,205.52730999999767,200,,False
offline,mine_iron,3,A,"{""alternativeRoute"": false, ""atBase"": false, ""baseDistance"": 299.50041736197966, ""baseKnown"": true, ""cancellationRequested"": false, ""consecutiveFailures"": 0, ""craftable"": [], ""equippedTool"": ""stone_pickaxe"", ""equippedWeapon"": null, ""food"": 20, ""health"": 20, ""inventory"": {""stone_pickaxe"": 1}, ""inventoryLoad"": 0.027777777777777776, ""nearby"": {""food"": false, ""foodDistance"": null, ""iron"": false, ""ironDistance"": null, ""stone"": true, ""stoneDistance"": 2, ""wood"": true, ""woodDistance"": 2}, ""objective"": {""completed"": false, ""type"": ""mine_iron""}, ""threat"": null, ""time"": ""day"", ""waitReason"": null}","gather_materials,continue_objective","continue_objective,gather_materials",afb82b67de614f0bc5d96929a6600eed255c4ccd80df6be2080261006c1095cd,"{""continue_objective"": 0.8871328531537032, ""gather_materials"": 0.1128671468462968}",continue_objective,0.8871328531537032,146.9943249999801,149.44666699999652,200,,False
offline,mine_iron,3,B,"{""alternativeRoute"": false, ""atBase"": false, ""baseDistance"": 299.50041736197966, ""baseKnown"": true, ""cancellationRequested"": false, ""consecutiveFailures"": 0, ""craftable"": [], ""equippedTool"": ""stone_pickaxe"", ""equippedWeapon"": null, ""food"": 20, ""health"": 20, ""inventory"": {""stone_pickaxe"": 1}, ""inventoryLoad"": 0.027777777777777776, ""nearby"": {""food"": false, ""foodDistance"": null, ""iron"": false, ""ironDistance"": null, ""stone"": true, ""stoneDistance"": 2, ""wood"": true, ""woodDistance"": 2}, ""objective"": {""completed"": false, ""type"": ""mine_iron""}, ""threat"": null, ""time"": ""day"", ""waitReason"": null}","continue_objective,gather_materials","continue_objective,gather_materials",afb82b67de614f0bc5d96929a6600eed255c4ccd80df6be2080261006c1095cd,"{""continue_objective"": 0.8871328531537032, ""gather_materials"": 0.1128671468462968}",continue_objective,0.8871328531537032,165.9567309999943,168.33307299999433,200,,False
offline,mine_iron,4,A,"{""alternativeRoute"": false, ""atBase"": false, ""baseDistance"": 299.50041736197966, ""baseKnown"": true, ""cancellationRequested"": false, ""consecutiveFailures"": 0, ""craftable"": [], ""equippedTool"": ""stone_pickaxe"", ""equippedWeapon"": null, ""food"": 20, ""health"": 20, ""inventory"": {""stone_pickaxe"": 1}, ""inventoryLoad"": 0.027777777777777776, ""nearby"": {""food"": false, ""foodDistance"": null, ""iron"": false, ""ironDistance"": null, ""stone"": true, ""stoneDistance"": 6, ""wood"": true, ""woodDistance"": 6}, ""objective"": {""completed"": false, ""type"": ""mine_iron""}, ""threat"": null, ""time"": ""day"", ""waitReason"": null}","gather_materials,continue_objective","continue_objective,gather_materials",b8239adc9fdd4cfdb130719cc88b0549db71c40b24faddb126e3bdf3f0c331cd,"{""continue_objective"": 0.7811496774893589, ""gather_materials"": 0.21885032251064118}",continue_objective,0.7811496774893589,178.39404799997283,180.6320510000005,200,,False
offline,mine_iron,4,B,"{""alternativeRoute"": false, ""atBase"": false, ""baseDistance"": 299.50041736197966, ""baseKnown"": true, ""cancellationRequested"": false, ""consecutiveFailures"": 0, ""craftable"": [], ""equippedTool"": ""stone_pickaxe"", ""equippedWeapon"": null, ""food"": 20, ""health"": 20, ""inventory"": {""stone_pickaxe"": 1}, ""inventoryLoad"": 0.027777777777777776, ""nearby"": {""food"": false, ""foodDistance"": null, ""iron"": false, ""ironDistance"": null, ""stone"": true, ""stoneDistance"": 6, ""wood"": true, ""woodDistance"": 6}, ""objective"": {""completed"": false, ""type"": ""mine_iron""}, ""threat"": null, ""time"": ""day"", ""waitReason"": null}","continue_objective,gather_materials","continue_objective,gather_materials",b8239adc9fdd4cfdb130719cc88b0549db71c40b24faddb126e3bdf3f0c331cd,"{""continue_objective"": 0.7811496774893589, ""gather_materials"": 0.21885032251064118}",continue_objective,0.7811496774893589,145.9664079999925,147.88655200000358,200,,False
offline,mine_iron,5,A,"{""alternativeRoute"": false, ""atBase"": false, ""baseDistance"": 299.50041736197966, ""baseKnown"": true, ""cancellationRequested"": false, ""consecutiveFailures"": 0, ""craftable"": [], ""equippedTool"": ""stone_pickaxe"", ""equippedWeapon"": null, ""food"": 20, ""health"": 20, ""inventory"": {""stone_pickaxe"": 1}, ""inventoryLoad"": 0.027777777777777776, ""nearby"": {""food"": false, ""foodDistance"": null, ""iron"": true, ""ironDistance"": 2, ""stone"": true, ""stoneDistance"": 2, ""wood"": true, ""woodDistance"": 2}, ""objective"": {""completed"": false, ""type"": ""mine_iron""}, ""threat"": null, ""time"": ""day"", ""waitReason"": null}","gather_materials,continue_objective","continue_objective,gather_materials",721371b61f8941060a9d8c480804b59f3662d8c9f994247f8342c08f9152206d,"{""continue_objective"": 0.9025464780457295, ""gather_materials"": 0.09745352195427054}",continue_objective,0.9025464780457295,168.38928900000383,170.34244700000272,200,,False
offline,mine_iron,5,B,"{""alternativeRoute"": false, ""atBase"": false, ""baseDistance"": 299.50041736197966, ""baseKnown"": true, ""cancellationRequested"": false, ""consecutiveFailures"": 0, ""craftable"": [], ""equippedTool"": ""stone_pickaxe"", ""equippedWeapon"": null, ""food"": 20, ""health"": 20, ""inventory"": {""stone_pickaxe"": 1}, ""inventoryLoad"": 0.027777777777777776, ""nearby"": {""food"": false, ""foodDistance"": null, ""iron"": true, ""ironDistance"": 2, ""stone"": true, ""stoneDistance"": 2, ""wood"": true, ""woodDistance"": 2}, ""objective"": {""completed"": false, ""type"": ""mine_iron""}, ""threat"": null, ""time"": ""day"", ""waitReason"": null}","continue_objective,gather_materials","continue_objective,gather_materials",721371b61f8941060a9d8c480804b59f3662d8c9f994247f8342c08f9152206d,"{""continue_objective"": 0.9025464780457295, ""gather_materials"": 0.09745352195427054}",continue_objective,0.9025464780457295,209.00170999999546,211.21315799999866,200,,False
offline,mine_iron,6,A,"{""alternativeRoute"": false, ""atBase"": false, ""baseDistance"": 299.50041736197966, ""baseKnown"": true, ""cancellationRequested"": false, ""consecutiveFailures"": 0, ""craftable"": [], ""equippedTool"": ""stone_pickaxe"", ""equippedWeapon"": null, ""food"": 20, ""health"": 20, ""inventory"": {""stone_pickaxe"": 1}, ""inventoryLoad"": 0.027777777777777776, ""nearby"": {""food"": false, ""foodDistance"": null, ""iron"": true, ""ironDistance"": 6, ""stone"": true, ""stoneDistance"": 6, ""wood"": true, ""woodDistance"": 6}, ""objective"": {""completed"": false, ""type"": ""mine_iron""}, ""threat"": null, ""time"": ""day"", ""waitReason"": null}","gather_materials,continue_objective","continue_objective,gather_materials",7f48961c18cc19b163144511af5368e9bc435e8cd72ba21e4f62d32396030c1e,"{""continue_objective"": 0.4704520284966097, ""gather_materials"": 0.5295479715033903}",gather_materials,0.5295479715033903,237.18144100001837,239.71460499999375,200,,False
offline,mine_iron,6,B,"{""alternativeRoute"": false, ""atBase"": false, ""baseDistance"": 299.50041736197966, ""baseKnown"": true, ""cancellationRequested"": false, ""consecutiveFailures"": 0, ""craftable"": [], ""equippedTool"": ""stone_pickaxe"", ""equippedWeapon"": null, ""food"": 20, ""health"": 20, ""inventory"": {""stone_pickaxe"": 1}, ""inventoryLoad"": 0.027777777777777776, ""nearby"": {""food"": false, ""foodDistance"": null, ""iron"": true, ""ironDistance"": 6, ""stone"": true, ""stoneDistance"": 6, ""wood"": true, ""woodDistance"": 6}, ""objective"": {""completed"": false, ""type"": ""mine_iron""}, ""threat"": null, ""time"": ""day"", ""waitReason"": null}","continue_objective,gather_materials","continue_objective,gather_materials",7f48961c18cc19b163144511af5368e9bc435e8cd72ba21e4f62d32396030c1e,"{""continue_objective"": 0.4704520284966097, ""gather_materials"": 0.5295479715033903}",gather_materials,0.5295479715033903,157.08590000002687,159.29696200000035,200,,False
